Delta,Time,CPU_FREQUENCY_0,CPU_FREQUENCY_1,CPU_FREQUENCY_2,CPU_FREQUENCY_3,CPU_FREQUENCY_4,CPU_FREQUENCY_5,CPU_FREQUENCY_6,CPU_FREQUENCY_7,CPU_FREQUENCY_8,CPU_FREQUENCY_9,CPU_TEMP_0,CPU_TEMP_1,CPU_TEMP_2,CPU_TEMP_3,CPU_TEMP_4,CPU_TEMP_5,CPU_TEMP_6,CPU_TEMP_7,CPU_TEMP_8,CPU_TEMP_9,CPU_USAGE_0,CPU_USAGE_1,CPU_USAGE_2,CPU_USAGE_3,CPU_USAGE_4,CPU_USAGE_5,CPU_USAGE_6,CPU_USAGE_7,CPU_USAGE_8,CPU_USAGE_9,SYSTEM_POWER (Watts),TOTAL_MEMORY,TOTAL_SWAP,USED_MEMORY,USED_SWAP
0,1697704697597,0,0,0,0,0,0,0,0,0,0,45.58505630493164,43.83353042602539,42.96710205078125,46.5946044921875,44.53235626220703,43.14999008178711,41.05122375488281,41.107666015625,43.29386520385742,42.10767364501953,46.298583984375,45.354209899902344,15.000075340270996,8.801301956176758,5.0845208168029785,3.5073273181915283,2.9655473232269287,1.579003930091858,1.1051344871520996,0.9460128545761108,11.220490455627441,34359738368,0,10017669120,0
104,1697704697597,0,0,0,0,0,0,0,0,0,0,45.58505630493164,43.83353042602539,42.96710205078125,46.5946044921875,44.53235626220703,43.14999008178711,41.05122375488281,41.107666015625,43.29386520385742,42.10767364501953,46.298583984375,45.35420608520508,15.000085830688477,8.801300048828125,5.084519386291504,3.507326602935791,2.9655466079711914,1.5790034532546997,1.1051342487335205,0.9460126757621765,11.220490455627441,34359738368,0,10018504704,0
104,1697704697702,0,0,0,0,0,0,0,0,0,0,45.58505630493164,43.83353042602539,42.96710205078125,46.5946044921875,44.53235626220703,43.14999008178711,41.05122375488281,41.107666015625,43.29386520385742,42.10767364501953,46.29860305786133,45.354225158691406,15.000167846679688,8.801326751708984,5.084526062011719,3.50732159614563,2.965542793273926,1.5790013074874878,1.105132818222046,0.9460114240646362,11.220490455627441,34359738368,0,10046947328,0
104,1697704697807,0,0,0,0,0,0,0,0,0,0,45.58505630493164,43.83353042602539,42.96710205078125,46.5946044921875,44.53235626220703,43.14999008178711,41.05122375488281,41.107666015625,43.29386520385742,42.10767364501953,46.29862976074219,45.354251861572266,15.000253677368164,8.801405906677246,5.084585189819336,3.507382869720459,2.9655776023864746,1.579025387763977,1.105170488357544,0.946062445640564,12.06691837310791,34359738368,0,10055483392,0
104,1697704697912,0,0,0,0,0,0,0,0,0,0,45.58505630493164,43.83353042602539,42.96710205078125,46.5946044921875,44.53235626220703,43.14999008178711,41.05122375488281,41.107666015625,43.29386520385742,42.10767364501953,46.298702239990234,45.354331970214844,15.000337600708008,8.801486015319824,5.084670543670654,3.5074703693389893,2.9656524658203125,1.579101800918579,1.1052476167678833,0.946113646030426,12.06691837310791,34359738368,0,10055483392,0
104,1697704698017,0,0,0,0,0,0,0,0,0,0,45.58505630493164,43.83353042602539,42.96710205078125,46.5946044921875,44.53235626220703,43.14999008178711,41.05122375488281,41.107666015625,43.29386520385742,42.10767364501953,46.29875564575195,45.35438919067383,15.000409126281738,8.801553726196289,5.084742069244385,3.5075438022613525,2.96570086479187,1.5791131258010864,1.1052592992782593,0.9461253881454468,12.06691837310791,34359738368,0,10055483392,0
104,1697704698122,0,0,0,0,0,0,0,0,0,0,45.58505630493164,43.83353042602539,42.96710205078125,46.5946044921875,44.53235626220703,43.14999008178711,41.05122375488281,41.107666015625,43.29386520385742,42.10767364501953,46.29880905151367,45.35444259643555,15.000492095947266,8.801621437072754,5.0847883224487305,3.5075788497924805,2.9657235145568848,1.5791367292404175,1.1052838563919067,0.9461503624916077,12.06691837310791,34359738368,0,10055483392,0
104,1697704698227,0,0,0,0,0,0,0,0,0,0,45.58505630493164,43.83353042602539,42.96710205078125,46.5946044921875,44.53235626220703,43.14999008178711,41.05122375488281,41.107666015625,43.29386520385742,42.10767364501953,46.29881286621094,45.35447311401367,15.00050163269043,8.801648139953613,5.084806442260742,3.5075738430023193,2.9657580852508545,1.5791347026824951,1.1052824258804321,0.9461490511894226,12.06691837310791,34359738368,0,10055483392,0
99,1697704698332,0,0,0,0,0,0,0,0,0,0,45.58505630493164,43.83353042602539,42.96710205078125,46.5946044921875,44.53235626220703,43.14999008178711,41.05122375488281,41.107666015625,43.29386520385742,42.10767364501953,46.2988166809082,45.35447311401367,15.000504493713379,8.8016357421875,5.084799766540527,3.507582187652588,2.9657537937164307,1.5791324377059937,1.105280876159668,0.9461477398872375,12.06691837310791,34359738368,0,10055483392,0
103,1697704698432,0,0,0,0,0,0,0,0,0,0,48.213768005371094,45.71161651611328,48.230499267578125,51.40415573120117,48.73339080810547,46.99351501464844,43.99459457397461,44.28298568725586,45.89773941040039,44.930015563964844,46.298797607421875,45.354461669921875,15.000486373901367,8.801637649536133,5.0847930908203125,3.507577657699585,2.965749979019165,1.5791304111480713,1.1052793264389038,0.946146547794342,12.06691837310791,34359738368,0,10055483392,0
99,1697704698536,0,0,0,0,0,0,0,0,0,0,48.213768005371094,45.71161651611328,48.230499267578125,51.40415573120117,48.73339080810547,46.99351501464844,43.99459457397461,44.28298568725586,45.89773941040039,44.930015563964844,46.29878234863281,45.35444641113281,15.000505447387695,8.801664352416992,5.084812164306641,3.507598876953125,2.965759754180908,1.5791282653808594,1.1052780151367188,0.9461582899093628,12.06691837310791,34359738368,0,10055483392,0
104,1697704698636,0,0,0,0,0,0,0,0,0,0,48.213768005371094,45.71161651611328,48.230499267578125,51.40415573120117,48.73339080810547,46.99351501464844,43.99459457397461,44.28298568725586,45.89773941040039,44.930015563964844,46.29875946044922,45.35441589355469,15.000523567199707,8.801667213439941,5.084819316864014,3.5076076984405518,2.9657557010650635,1.5791263580322266,1.1052764654159546,0.9461570382118225,12.06691837310791,34359738368,0,10427564032,0
104,1697704698741,0,0,0,0,0,0,0,0,0,0,48.213768005371094,45.71161651611328,48.230499267578125,51.40415573120117,48.73339080810547,46.99351501464844,43.99459457397461,44.28298568725586,45.89773941040039,44.930015563964844,46.29874038696289,45.35438537597656,15.000555992126465,8.80172061920166,5.0848388671875,3.507628917694092,2.9657905101776123,1.5791373252868652,1.10527503490448,0.9461556673049927,12.06691837310791,34359738368,0,10459594752,0
104,1697704698846,0,0,0,0,0,0,0,0,0,0,48.213768005371094,45.71161651611328,48.230499267578125,51.40415573120117,48.73339080810547,46.99351501464844,43.99459457397461,44.28298568725586,45.89773941040039,44.930015563964844,46.29871368408203,45.354347229003906,15.000550270080566,8.80172061920166,5.084831714630127,3.5076241493225098,2.9657866954803467,1.5791349411010742,1.1052736043930054,0.9461544752120972,12.915396690368652,34359738368,0,10459529216,0
104,1697704698951,0,0,0,0,0,0,0,0,0,0,48.213768005371094,45.71161651611328,48.230499267578125,51.40415573120117,48.73339080810547,46.99351501464844,43.99459457397461,44.28298568725586,45.89773941040039,44.930015563964844,46.298702239990234,45.35435485839844,15.000568389892578,8.80171012878418,5.0848493576049805,3.507619619369507,2.965782403945923,1.5791329145431519,1.1052720546722412,0.9461530447006226,12.915396690368652,34359738368,0,10457284608,0
100,1697704699056,0,0,0,0,0,0,0,0,0,0,48.213768005371094,45.71161651611328,48.230499267578125,51.40415573120117,48.73339080810547,46.99351501464844,43.99459457397461,44.28298568725586,45.89773941040039,44.930015563964844,46.29865646362305,45.35430145263672,15.000547409057617,8.801722526550293,5.084843158721924,3.5076146125793457,2.9657785892486572,1.5791306495666504,1.1052703857421875,0.946151852607727,12.915396690368652,34359738368,0,10458923008,0
103,1697704699158,0,0,0,0,0,0,0,0,0,0,48.213768005371094,45.71161651611328,48.230499267578125,51.40415573120117,48.73339080810547,46.99351501464844,43.99459457397461,44.28298568725586,45.89773941040039,44.930015563964844,46.29861831665039,45.35426712036133,15.0005521774292,8.801711082458496,5.084836483001709,3.5076100826263428,2.9657745361328125,1.579128623008728,1.105268955230713,0.9461506009101868,12.915396690368652,34359738368,0,10459676672,0
104,1697704699261,0,0,0,0,0,0,0,0,0,0,48.213768005371094,45.71161651611328,48.230499267578125,51.40415573120117,48.73339080810547,46.99351501464844,43.99459457397461,44.28298568725586,45.89773941040039,44.930015563964844,46.298580169677734,45.35422897338867,15.000532150268555,8.801698684692383,5.084828853607178,3.50760555267334,2.9657702445983887,1.5791264772415161,1.1052674055099487,0.9461492300033569,12.915396690368652,34359738368,0,10460266496,0
104,1697704699367,0,0,0,0,0,0,0,0,0,0,46.56782531738281,44.88724136352539,44.74433135986328,48.3991584777832,45.95415496826172,44.500179290771484,41.777061462402344,41.990779876708984,43.96207809448242,43.35014343261719,46.29853439331055,45.354183197021484,15.00051498413086,8.801687240600586,5.084822177886963,3.507612943649292,2.965766429901123,1.5791243314743042,1.1052658557891846,0.9461480379104614,12.915396690368652,34359738368,0,10460266496,0
104,1697704699472,0,0,0,0,0,0,0,0,0,0,46.56782531738281,44.88724136352539,44.74433135986328,48.3991584777832,45.95415496826172,44.500179290771484,41.777061462402344,41.990779876708984,43.96207809448242,43.35014343261719,46.298492431640625,45.35414123535156,15.000517845153809,8.801675796508789,5.08481502532959,3.507608652114868,2.965762138366699,1.5791220664978027,1.10526442527771,0.9461466073989868,12.915396690368652,34359738368,0,10460266496,0
104,1697704699577,0,0,0,0,0,0,0,0,0,0,46.56782531738281,44.88724136352539,44.74433135986328,48.3991584777832,45.95415496826172,44.500179290771484,41.777061462402344,41.990779876708984,43.96207809448242,43.35014343261719,46.29844284057617,45.354095458984375,15.000497817993164,8.80166244506836,5.084808349609375,3.507603406906128,2.9657580852508545,1.5791198015213013,1.1052628755569458,0.9461454153060913,12.915396690368652,34359738368,0,10460266496,0
104,1697704699682,0,0,0,0,0,0,0,0,0,0,46.56782531738281,44.88724136352539,44.74433135986328,48.3991584777832,45.95415496826172,44.500179290771484,41.777061462402344,41.990779876708984,43.96207809448242,43.35014343261719,46.29841232299805,45.35404586791992,15.000489234924316,8.801651000976563,5.084801197052002,3.507598876953125,2.9657537937164307,1.579117774963379,1.1052614450454712,0.9461439847946167,12.915396690368652,34359738368,0,10477535232,0
103,1697704699787,0,0,0,0,0,0,0,0,0,0,46.56782531738281,44.88724136352539,44.74433135986328,48.3991584777832,45.95415496826172,44.500179290771484,41.777061462402344,41.990779876708984,43.96207809448242,43.35014343261719,46.29838180541992,45.35402297973633,15.000494003295898,8.80163860321045,5.084794521331787,3.5075936317443848,2.965749979019165,1.5791155099868774,1.1052597761154175,0.9461427927017212,22.002939224243164,34359738368,0,10477551616,0
101,1697704699891,0,0,0,0,0,0,0,0,0,0,46.56782531738281,44.88724136352539,44.74433135986328,48.3991584777832,45.95415496826172,44.500179290771484,41.777061462402344,41.990779876708984,43.96207809448242,43.35014343261719,46.29833984375,45.35398864746094,15.000475883483887,8.801626205444336,5.084787845611572,3.507589101791382,2.965745687484741,1.579113483428955,1.1052583456039429,0.9461414217948914,22.002939224243164,34359738368,0,10478075904,0
100,1697704699993,0,0,0,0,0,0,0,0,0,0,46.56782531738281,44.88724136352539,44.74433135986328,48.3991584777832,45.95415496826172,44.500179290771484,41.777061462402344,41.990779876708984,43.96207809448242,43.35014343261719,46.29829406738281,45.35395050048828,15.000468254089355,8.801614761352539,5.084780216217041,3.5075843334198,2.9657418727874756,1.579111099243164,1.1052569150924683,0.9461401700973511,22.002939224243164,34359738368,0,10478075904,0
104,1697704700094,0,0,0,0,0,0,0,0,0,0,46.56782531738281,44.88724136352539,44.74433135986328,48.3991584777832,45.95415496826172,44.500179290771484,41.777061462402344,41.990779876708984,43.96207809448242,43.35014343261719,46.29825210571289,45.35389709472656,15.000460624694824,8.801603317260742,5.084773540496826,3.5075795650482178,2.965737819671631,1.5791090726852417,1.1052554845809937,0.9461389183998108,22.002939224243164,34359738368,0,10478075904,0
104,1697704700200,0,0,0,0,0,0,0,0,0,0,46.56782531738281,44.88724136352539,44.74433135986328,48.3991584777832,45.95415496826172,44.500179290771484,41.777061462402344,41.990779876708984,43.96207809448242,43.35014343261719,46.2982177734375,45.35385513305664,15.000441551208496,8.801591873168945,5.084766864776611,3.5075745582580566,2.965733528137207,1.5791069269180298,1.10525381565094,0.9461376667022705,22.002939224243164,34359738368,0,10478075904,0
99,1697704700305,0,0,0,0,0,0,0,0,0,0,46.56782531738281,44.88724136352539,44.74433135986328,48.3991584777832,45.95415496826172,44.500179290771484,41.777061462402344,41.990779876708984,43.96207809448242,43.35014343261719,46.298248291015625,45.35389709472656,15.000432968139648,8.801579475402832,5.084759712219238,3.5075697898864746,2.9657299518585205,1.5791047811508179,1.1052525043487549,0.9461362957954407,22.002939224243164,34359738368,0,10478075904,0
103,1697704700405,0,0,0,0,0,0,0,0,0,0,46.20962142944336,44.47644805908203,43.225364685058594,47.04133987426758,44.78418731689453,43.52323532104492,41.24678421020508,41.180233001708984,43.424381256103516,42.637245178222656,46.29825210571289,45.35389709472656,15.000414848327637,8.801581382751465,5.084753036499023,3.5075650215148926,2.965725898742676,1.579102635383606,1.1052509546279907,0.9461350440979004,22.002939224243164,34359738368,0,10478075904,0
102,1697704700509,0,0,0,0,0,0,0,0,0,0,46.20962142944336,44.47644805908203,43.225364685058594,47.04133987426758,44.78418731689453,43.52323532104492,41.24678421020508,41.180233001708984,43.424381256103516,42.637245178222656,46.2982063293457,45.35385513305664,15.000417709350586,8.801581382751465,5.084746360778809,3.5075604915618896,2.96572208404541,1.5791006088256836,1.1052494049072266,0.9461338520050049,22.002939224243164,34359738368,0,10478075904,0
104,1697704700612,0,0,0,0,0,0,0,0,0,0,46.20962142944336,44.47644805908203,43.225364685058594,47.04133987426758,44.78418731689453,43.52323532104492,41.24678421020508,41.180233001708984,43.424381256103516,42.637245178222656,46.29824447631836,45.35390090942383,15.000412940979004,8.801582336425781,5.084739685058594,3.5075559616088867,2.9657180309295654,1.5790985822677612,1.1052478551864624,0.946132481098175,22.002939224243164,34359738368,0,10478075904,0
99,1697704700718,0,0,0,0,0,0,0,0,0,0,46.20962142944336,44.47644805908203,43.225364685058594,47.04133987426758,44.78418731689453,43.52323532104492,41.24678421020508,41.180233001708984,43.424381256103516,42.637245178222656,46.29825210571289,45.35390853881836,15.000404357910156,8.801569938659668,5.084733009338379,3.5075507164001465,2.9657137393951416,1.5790961980819702,1.1052463054656982,0.9461312294006348,22.002939224243164,34359738368,0,10487906304,0
103,1697704700818,0,0,0,0,0,0,0,0,0,0,46.20962142944336,44.47644805908203,43.225364685058594,47.04133987426758,44.78418731689453,43.52323532104492,41.24678421020508,41.180233001708984,43.424381256103516,42.637245178222656,46.29822540283203,45.3538703918457,15.000385284423828,8.801558494567871,5.084726333618164,3.5075464248657227,2.965709924697876,1.5790941715240479,1.1052448749542236,0.9461299777030945,11.68913745880127,34359738368,0,10487922688,0
103,1697704700922,0,0,0,0,0,0,0,0,0,0,46.20962142944336,44.47644805908203,43.225364685058594,47.04133987426758,44.78418731689453,43.52323532104492,41.24678421020508,41.180233001708984,43.424381256103516,42.637245178222656,46.298179626464844,45.35383605957031,15.000377655029297,8.801547050476074,5.084718704223633,3.5075414180755615,2.9657061100006104,1.579092025756836,1.105243444442749,0.9461286664009094,11.68913745880127,34359738368,0,10488430592,0
104,1697704701026,0,0,0,0,0,0,0,0,0,0,46.20962142944336,44.47644805908203,43.225364685058594,47.04133987426758,44.78418731689453,43.52323532104492,41.24678421020508,41.180233001708984,43.424381256103516,42.637245178222656,46.29814529418945,45.353797912597656,15.000370025634766,8.801535606384277,5.084712028503418,3.5075371265411377,2.9657018184661865,1.579089879989624,1.1052420139312744,0.9461274147033691,11.68913745880127,34359738368,0,10488889344,0
104,1697704701131,0,0,0,0,0,0,0,0,0,0,46.20962142944336,44.47644805908203,43.225364685058594,47.04133987426758,44.78418731689453,43.52323532104492,41.24678421020508,41.180233001708984,43.424381256103516,42.637245178222656,46.29810333251953,45.3537483215332,15.000361442565918,8.801523208618164,5.084705352783203,3.5075318813323975,2.965697765350342,1.579087734222412,1.1052403450012207,0.9461260437965393,11.68913745880127,34359738368,0,10489462784,0
102,1697704701236,0,0,0,0,0,0,0,0,0,0,46.20962142944336,44.47644805908203,43.225364685058594,47.04133987426758,44.78418731689453,43.52323532104492,41.24678421020508,41.180233001708984,43.424381256103516,42.637245178222656,46.29806137084961,45.353702545166016,15.000341415405273,8.801523208618164,5.08469820022583,3.5075273513793945,2.965693473815918,1.5790855884552002,1.105238914489746,0.9461248517036438,11.68913745880127,34359738368,0,10490003456,0
104,1697704701339,0,0,0,0,0,0,0,0,0,0,46.20962142944336,44.47644805908203,43.225364685058594,47.04133987426758,44.78418731689453,43.52323532104492,41.24678421020508,41.180233001708984,43.424381256103516,42.637245178222656,46.29801940917969,45.35366439819336,15.000321388244629,8.801511764526367,5.084691524505615,3.5075221061706543,2.9656896591186523,1.5790834426879883,1.105237364768982,0.9461235404014587,11.68913745880127,34359738368,0,10490003456,0
100,1697704701444,0,0,0,0,0,0,0,0,0,0,46.2598762512207,44.04079055786133,43.3797607421875,47.05921936035156,44.834938049316406,43.49370574951172,41.15763854980469,41.39674758911133,43.396175384521484,42.377952575683594,46.29800033569336,45.35363006591797,15.000328063964844,8.801499366760254,5.084683895111084,3.5075175762176514,2.9656858444213867,1.5790812969207764,1.1052359342575073,0.9461222290992737,11.68913745880127,34359738368,0,10490003456,0
104,1697704701545,0,0,0,0,0,0,0,0,0,0,46.2598762512207,44.04079055786133,43.3797607421875,47.05921936035156,44.834938049316406,43.49370574951172,41.15763854980469,41.39674758911133,43.396175384521484,42.377952575683594,46.29796600341797,45.35358428955078,15.000319480895996,8.801488876342773,5.084677219390869,3.5075132846832275,2.965681552886963,1.579079270362854,1.1052345037460327,0.9461209177970886,11.68913745880127,34359738368,0,10490003456,0
99,1697704701650,0,0,0,0,0,0,0,0,0,0,46.2598762512207,44.04079055786133,43.3797607421875,47.05921936035156,44.834938049316406,43.49370574951172,41.15763854980469,41.39674758911133,43.396175384521484,42.377952575683594,46.29793167114258,45.35356140136719,15.000300407409668,8.801475524902344,5.084670543670654,3.5075080394744873,2.9656777381896973,1.5790770053863525,1.1052329540252686,0.9461197257041931,11.68913745880127,34359738368,0,10490003456,0
103,1697704701749,0,0,0,0,0,0,0,0,0,0,46.2598762512207,44.04079055786133,43.3797607421875,47.05921936035156,44.834938049316406,43.49370574951172,41.15763854980469,41.39674758911133,43.396175384521484,42.377952575683594,46.29789733886719,45.353515625,15.000282287597656,8.801464080810547,5.0846638679504395,3.5075035095214844,2.9656739234924316,1.5790749788284302,1.1052314043045044,0.9461184740066528,11.68913745880127,34359738368,0,10490068992,0
104,1697704701854,0,0,0,0,0,0,0,0,0,0,46.2598762512207,44.04079055786133,43.3797607421875,47.05921936035156,44.834938049316406,43.49370574951172,41.15763854980469,41.39674758911133,43.396175384521484,42.377952575683594,46.2978515625,45.353477478027344,15.000271797180176,8.80145263671875,5.084656715393066,3.5074987411499023,2.965669870376587,1.5790728330612183,1.1052299737930298,0.946117103099823,12.002604484558105,34359738368,0,10490068992,0
102,1697704701958,0,0,0,0,0,0,0,0,0,0,46.2598762512207,44.04079055786133,43.3797607421875,47.05921936035156,44.834938049316406,43.49370574951172,41.15763854980469,41.39674758911133,43.396175384521484,42.377952575683594,46.297821044921875,45.35344696044922,15.000266075134277,8.801440238952637,5.084650039672852,3.507493734359741,2.965665578842163,1.5790706872940063,1.105228304862976,0.9461159110069275,12.002604484558105,34359738368,0,10490593280,0
102,1697704702061,0,0,0,0,0,0,0,0,0,0,46.2598762512207,44.04079055786133,43.3797607421875,47.05921936035156,44.834938049316406,43.49370574951172,41.15763854980469,41.39674758911133,43.396175384521484,42.377952575683594,46.29779052734375,45.35342025756836,15.000245094299316,8.801427841186523,5.084643363952637,3.507488965988159,2.9656617641448975,1.5790684223175049,1.105226993560791,0.9461144804954529,12.002604484558105,34359738368,0,10491002880,0
102,1697704702164,0,0,0,0,0,0,0,0,0,0,46.2598762512207,44.04079055786133,43.3797607421875,47.05921936035156,44.834938049316406,43.49370574951172,41.15763854980469,41.39674758911133,43.396175384521484,42.377952575683594,46.29774856567383,45.353370666503906,15.000226020812988,8.801416397094727,5.084636211395264,3.5074844360351563,2.9656577110290527,1.5790663957595825,1.1052254438400269,0.9461132884025574,12.002604484558105,34359738368,0,10491559936,0
104,1697704702268,0,0,0,0,0,0,0,0,0,0,46.2598762512207,44.04079055786133,43.3797607421875,47.05921936035156,44.834938049316406,43.49370574951172,41.15763854980469,41.39674758911133,43.396175384521484,42.377952575683594,46.2977180480957,45.353336334228516,15.000243186950684,8.80140495300293,5.084629535675049,3.5074801445007324,2.965653419494629,1.579064130783081,1.1052238941192627,0.9461119771003723,12.002604484558105,34359738368,0,10491559936,0
102,1697704702373,0,0,0,0,0,0,0,0,0,0,46.03445053100586,43.7994384765625,43.49249267578125,46.91429901123047,44.77210235595703,43.309478759765625,40.94834518432617,41.1209602355957,43.47985076904297,42.239768981933594,46.29765701293945,45.35329055786133,15.000224113464355,8.801405906677246,5.084622859954834,3.507474899291992,2.9656496047973633,1.5790621042251587,1.105222463607788,0.9461106657981873,12.002604484558105,34359738368,0,10491559936,0
102,1697704702477,0,0,0,0,0,0,0,0,0,0,46.03445053100586,43.7994384765625,43.49249267578125,46.91429901123047,44.77210235595703,43.309478759765625,40.94834518432617,41.1209602355957,43.47985076904297,42.239768981933594,46.297603607177734,45.35322952270508,15.000228881835938,8.801392555236816,5.084628105163574,3.5074703693389893,2.9656453132629395,1.5790598392486572,1.1052210330963135,0.9461093544960022,12.002604484558105,34359738368,0,10491559936,0
104,1697704702579,0,0,0,0,0,0,0,0,0,0,46.03445053100586,43.7994384765625,43.49249267578125,46.91429901123047,44.77210235595703,43.309478759765625,40.94834518432617,41.1209602355957,43.47985076904297,42.239768981933594,46.29756164550781,45.35319137573242,15.000208854675293,8.80138111114502,5.084620952606201,3.507465124130249,2.965641498565674,1.5790578126907349,1.1052193641662598,0.9461081624031067,12.002604484558105,34359738368,0,10491559936,0
101,1697704702684,0,0,0,0,0,0,0,0,0,0,46.03445053100586,43.7994384765625,43.49249267578125,46.91429901123047,44.77210235595703,43.309478759765625,40.94834518432617,41.1209602355957,43.47985076904297,42.239768981933594,46.29753494262695,45.3531608581543,15.000188827514648,8.801369667053223,5.084614276885986,3.507460594177246,2.965637445449829,1.5790557861328125,1.1052179336547852,0.9461067914962769,12.002604484558105,34359738368,0,10491559936,0
104,1697704702786,0,0,0,0,0,0,0,0,0,0,46.03445053100586,43.7994384765625,43.49249267578125,46.91429901123047,44.77210235595703,43.309478759765625,40.94834518432617,41.1209602355957,43.47985076904297,42.239768981933594,46.29751968383789,45.353145599365234,15.000181198120117,8.801358222961426,5.084607124328613,3.507455825805664,2.9656331539154053,1.579053282737732,1.1052165031433105,0.9461055397987366,11.330401420593262,34359738368,0,10494607360,0
104,1697704702892,0,0,0,0,0,0,0,0,0,0,46.03445053100586,43.7994384765625,43.49249267578125,46.91429901123047,44.77210235595703,43.309478759765625,40.94834518432617,41.1209602355957,43.47985076904297,42.239768981933594,46.29749298095703,45.353111267089844,15.000160217285156,8.801345825195313,5.084600448608398,3.507451057434082,2.9656295776367188,1.5790512561798096,1.1052149534225464,0.9461041688919067,11.330401420593262,34359738368,0,10494164992,0
101,1697704702997,0,0,0,0,0,0,0,0,0,0,46.03445053100586,43.7994384765625,43.49249267578125,46.91429901123047,44.77210235595703,43.309478759765625,40.94834518432617,41.1209602355957,43.47985076904297,42.239768981933594,46.29745864868164,45.353065490722656,15.000141143798828,8.8013334274292,5.084593296051025,3.507446050643921,2.965625286102295,1.579048991203308,1.1052134037017822,0.9461029171943665,11.330401420593262,34359738368,0,10494689280,0
102,1697704703099,0,0,0,0,0,0,0,0,0,0,46.03445053100586,43.7994384765625,43.49249267578125,46.91429901123047,44.77210235595703,43.309478759765625,40.94834518432617,41.1209602355957,43.47985076904297,42.239768981933594,46.297447204589844,45.3530387878418,15.000146865844727,8.801321983337402,5.0845866203308105,3.507441282272339,2.96562123298645,1.5790469646453857,1.105211853981018,0.946101725101471,11.330401420593262,34359738368,0,10493624320,0
101,1697704703202,0,0,0,0,0,0,0,0,0,0,46.03445053100586,43.7994384765625,43.49249267578125,46.91429901123047,44.77210235595703,43.309478759765625,40.94834518432617,41.1209602355957,43.47985076904297,42.239768981933594,46.29741668701172,45.35300827026367,15.000139236450195,8.801310539245605,5.084579944610596,3.507436752319336,2.9656174182891846,1.5790449380874634,1.1052104234695435,0.9461003541946411,11.330401420593262,34359738368,0,10494066688,0
104,1697704703304,0,0,0,0,0,0,0,0,0,0,46.03445053100586,43.7994384765625,43.49249267578125,46.91429901123047,44.77210235595703,43.309478759765625,40.94834518432617,41.1209602355957,43.47985076904297,42.239768981933594,46.29737854003906,45.352970123291016,15.000120162963867,8.801299095153809,5.084573268890381,3.507431983947754,2.96561336517334,1.579042911529541,1.1052089929580688,0.9460991024971008,11.330401420593262,34359738368,0,10494541824,0
103,1697704703409,0,0,0,0,0,0,0,0,0,0,46.1005744934082,43.80345916748047,43.37535858154297,46.68537139892578,44.82232666015625,43.189361572265625,40.81995391845703,40.59913635253906,43.41529846191406,42.190223693847656,46.29731750488281,45.35292053222656,15.000099182128906,8.801286697387695,5.08456563949585,3.507427215576172,2.965609073638916,1.57904052734375,1.1052074432373047,0.9460979104042053,11.330401420593262,34359738368,0,10494590976,0
102,1697704703514,0,0,0,0,0,0,0,0,0,0,46.1005744934082,43.80345916748047,43.37535858154297,46.68537139892578,44.82232666015625,43.189361572265625,40.81995391845703,40.59913635253906,43.41529846191406,42.190223693847656,46.297279357910156,45.352874755859375,15.000102043151855,8.801286697387695,5.084558963775635,3.5074222087860107,2.9656052589416504,1.579038381576538,1.1052058935165405,0.9460965394973755,11.330401420593262,34359738368,0,10495131648,0
101,1697704703617,0,0,0,0,0,0,0,0,0,0,46.1005744934082,43.80345916748047,43.37535858154297,46.68537139892578,44.82232666015625,43.189361572265625,40.81995391845703,40.59913635253906,43.41529846191406,42.190223693847656,46.297245025634766,45.35285186767578,15.000083923339844,8.801275253295898,5.084551811218262,3.507417917251587,2.9656009674072266,1.5790362358093262,1.105204463005066,0.9460952877998352,11.330401420593262,34359738368,0,10494967808,0
104,1697704703719,0,0,0,0,0,0,0,0,0,0,46.1005744934082,43.80345916748047,43.37535858154297,46.68537139892578,44.82232666015625,43.189361572265625,40.81995391845703,40.59913635253906,43.41529846191406,42.190223693847656,46.29722213745117,45.352821350097656,15.000075340270996,8.801263809204102,5.084545135498047,3.507412910461426,2.965597152709961,1.5790340900421143,1.1052027940750122,0.9460939764976501,11.330401420593262,34359738368,0,10495541248,0
104,1697704703823,0,0,0,0,0,0,0,0,0,0,46.1005744934082,43.80345916748047,43.37535858154297,46.68537139892578,44.82232666015625,43.189361572265625,40.81995391845703,40.59913635253906,43.41529846191406,42.190223693847656,46.297176361083984,45.352787017822266,15.000055313110352,8.801250457763672,5.084538459777832,3.5074081420898438,2.965593099594116,1.579032063484192,1.1052014827728271,0.9460927248001099,11.319696426391602,34359738368,0,10496065536,0
103,1697704703929,0,0,0,0,0,0,0,0,0,0,46.1005744934082,43.80345916748047,43.37535858154297,46.68537139892578,44.82232666015625,43.189361572265625,40.81995391845703,40.59913635253906,43.41529846191406,42.190223693847656,46.29716491699219,45.352760314941406,15.000060081481934,8.801239967346191,5.084530830383301,3.507403612136841,2.9655888080596924,1.5790297985076904,1.1051998138427734,0.9460914134979248,11.319696426391602,34359738368,0,10496065536,0
103,1697704704033,0,0,0,0,0,0,0,0,0,0,46.1005744934082,43.80345916748047,43.37535858154297,46.68537139892578,44.82232666015625,43.189361572265625,40.81995391845703,40.59913635253906,43.41529846191406,42.190223693847656,46.297119140625,45.35270690917969,15.000067710876465,8.801239967346191,5.084524154663086,3.5073983669281006,2.9655849933624268,1.5790276527404785,1.1051983833312988,0.9460901021957397,11.319696426391602,34359738368,0,10443407360,0
104,1697704704137,0,0,0,0,0,0,0,0,0,0,46.1005744934082,43.80345916748047,43.37535858154297,46.68537139892578,44.82232666015625,43.189361572265625,40.81995391845703,40.59913635253906,43.41529846191406,42.190223693847656,46.29707717895508,45.3526611328125,15.000046730041504,8.801228523254395,5.084517478942871,3.5073940753936768,2.965580701828003,1.579025387763977,1.1051969528198242,0.9460887908935547,11.319696426391602,34359738368,0,10436771840,0
103,1697704704242,0,0,0,0,0,0,0,0,0,0,46.1005744934082,43.80345916748047,43.37535858154297,46.68537139892578,44.82232666015625,43.189361572265625,40.81995391845703,40.59913635253906,43.41529846191406,42.190223693847656,46.29703903198242,45.35261535644531,15.000039100646973,8.801216125488281,5.084510326385498,3.5073888301849365,2.9655768871307373,1.5790233612060547,1.10519540309906,0.9460874795913696,11.319696426391602,34359738368,0,10436771840,0
104,1697704704345,0,0,0,0,0,0,0,0,0,0,45.747501373291016,43.80345916748047,43.311973571777344,46.8219108581543,44.62712860107422,43.12007141113281,41.130916595458984,40.6724967956543,43.41529846191406,42.190223693847656,46.2969970703125,45.35257339477539,15.000018119812012,8.801203727722168,5.084503650665283,3.5073843002319336,2.9655725955963135,1.5790213346481323,1.105193853378296,0.9460861682891846,11.319696426391602,34359738368,0,10436771840,0
104,1697704704451,0,0,0,0,0,0,0,0,0,0,45.747501373291016,43.719966888427734,43.311973571777344,46.8219108581543,44.62712860107422,43.12007141113281,41.130916595458984,40.6724967956543,43.60896301269531,42.274208068847656,46.29694747924805,45.352516174316406,15.000011444091797,8.801191329956055,5.084496974945068,3.5073790550231934,2.965568780899048,1.5790190696716309,1.1051923036575317,0.9460848569869995,11.319696426391602,34359738368,0,10436771840,0
101,1697704704556,0,0,0,0,0,0,0,0,0,0,45.747501373291016,43.719966888427734,43.311973571777344,46.8219108581543,44.62712860107422,43.12007141113281,41.130916595458984,40.6724967956543,43.60896301269531,42.274208068847656,46.29689407348633,45.352455139160156,15.000001907348633,8.801178932189941,5.084489822387695,3.5073745250701904,2.965564489364624,1.5790170431137085,1.1051907539367676,0.9460835456848145,11.319696426391602,34359738368,0,10436771840,0
104,1697704704658,0,0,0,0,0,0,0,0,0,0,45.747501373291016,43.719966888427734,43.311973571777344,46.8219108581543,44.62712860107422,43.12007141113281,41.130916595458984,40.6724967956543,43.60896301269531,42.274208068847656,46.29685974121094,45.35244369506836,14.999983787536621,8.801168441772461,5.0844831466674805,3.5073697566986084,2.9655604362487793,1.579014539718628,1.1051892042160034,0.946082353591919,11.319696426391602,34359738368,0,10436771840,0
103,1697704704763,0,0,0,0,0,0,0,0,0,0,45.747501373291016,43.719966888427734,43.311973571777344,46.8219108581543,44.62712860107422,43.12007141113281,41.130916595458984,40.6724967956543,43.60896301269531,42.274208068847656,46.296844482421875,45.3524169921875,14.999988555908203,8.801156044006348,5.084475517272949,3.5073649883270264,2.9655566215515137,1.5790125131607056,1.1051878929138184,0.9460809826850891,11.319696426391602,34359738368,0,10436771840,0
104,1697704704867,0,0,0,0,0,0,0,0,0,0,45.747501373291016,43.719966888427734,43.311973571777344,46.8219108581543,44.62712860107422,43.12007141113281,41.130916595458984,40.6724967956543,43.60896301269531,42.274208068847656,46.296791076660156,45.35236358642578,14.999969482421875,8.801143646240234,5.084468841552734,3.5073599815368652,2.96555233001709,1.579010248184204,1.1051863431930542,0.9460797309875488,11.301240921020508,34359738368,0,10436034560,0
102,1697704704972,0,0,0,0,0,0,0,0,0,0,45.747501373291016,43.719966888427734,43.311973571777344,46.8219108581543,44.62712860107422,43.12007141113281,41.130916595458984,40.6724967956543,43.60896301269531,42.274208068847656,46.29673767089844,45.352325439453125,14.999959945678711,8.801132202148438,5.084461688995361,3.507355213165283,2.965548515319824,1.5790082216262817,1.10518479347229,0.946078360080719,11.301240921020508,34359738368,0,10435887104,0
101,1697704705075,0,0,0,0,0,0,0,0,0,0,45.747501373291016,43.719966888427734,43.311973571777344,46.8219108581543,44.62712860107422,43.12007141113281,41.130916595458984,40.6724967956543,43.60896301269531,42.274208068847656,46.29669952392578,45.3522834777832,14.999951362609863,8.80112075805664,5.0844550132751465,3.507350444793701,2.9655442237854004,1.5790061950683594,1.1051832437515259,0.9460771679878235,11.301240921020508,34359738368,0,10431234048,0
103,1697704705177,0,0,0,0,0,0,0,0,0,0,45.747501373291016,43.719966888427734,43.311973571777344,46.8219108581543,44.62712860107422,43.12007141113281,41.130916595458984,40.6724967956543,43.60896301269531,42.274208068847656,46.296669006347656,45.35224533081055,14.999933242797852,8.801133155822754,5.084448337554932,3.5073459148406982,2.9655401706695557,1.579003930091858,1.1051819324493408,0.9460759162902832,11.301240921020508,34359738368,0,10431758336,0
102,1697704705281,0,0,0,0,0,0,0,0,0,0,45.747501373291016,43.719966888427734,43.311973571777344,46.8219108581543,44.62712860107422,43.12007141113281,41.130916595458984,40.6724967956543,43.60896301269531,42.274208068847656,46.29663848876953,45.352210998535156,14.99991226196289,8.801121711730957,5.084441661834717,3.5073413848876953,2.96553635597229,1.579001784324646,1.105180263519287,0.9460745453834534,11.301240921020508,34359738368,0,10432577536,0
104,1697704705383,0,0,0,0,0,0,0,0,0,0,45.505245208740234,43.5811767578125,43.35926818847656,46.65679931640625,44.542518615722656,43.185237884521484,40.98849105834961,41.270511627197266,43.59480285644531,42.245384216308594,46.29658889770508,45.352169036865234,14.999905586242676,8.801108360290527,5.0844340324401855,3.507336139678955,2.9655325412750244,1.578999638557434,1.1051788330078125,0.9460733532905579,11.301240921020508,34359738368,0,10433101824,0
104,1697704705489,0,0,0,0,0,0,0,0,0,0,45.505245208740234,43.5811767578125,43.35926818847656,46.65679931640625,44.542518615722656,43.185237884521484,40.98849105834961,41.270511627197266,43.59480285644531,42.245384216308594,46.29658889770508,45.35219192504883,14.999884605407715,8.801097869873047,5.084427356719971,3.5073318481445313,2.9655282497406006,1.5789974927902222,1.1051771640777588,0.9460720419883728,11.301240921020508,34359738368,0,10430955520,0
104,1697704705594,0,0,0,0,0,0,0,0,0,0,45.505245208740234,43.5811767578125,43.35926818847656,46.65679931640625,44.542518615722656,43.185237884521484,40.98849105834961,41.270511627197266,43.59480285644531,42.245384216308594,46.29664611816406,45.35218048095703,14.999890327453613,8.801085472106934,5.084420204162598,3.507326602935791,2.965524435043335,1.5789953470230103,1.1051758527755737,0.9460707306861877,11.301240921020508,34359738368,0,10430955520,0
99,1697704705699,0,0,0,0,0,0,0,0,0,0,45.505245208740234,43.5811767578125,43.35926818847656,46.65679931640625,44.542518615722656,43.185237884521484,40.98849105834961,41.270511627197266,43.59480285644531,42.245384216308594,46.29668045043945,45.35222244262695,14.999882698059082,8.80107307434082,5.084413528442383,3.507322072982788,2.965520143508911,1.5789932012557983,1.10517418384552,0.9460694789886475,11.301240921020508,34359738368,0,10430955520,0
100,1697704705800,0,0,0,0,0,0,0,0,0,0,45.505245208740234,43.5811767578125,43.35926818847656,46.65679931640625,44.542518615722656,43.185237884521484,40.98849105834961,41.270511627197266,43.59480285644531,42.245384216308594,46.29671859741211,45.35222244262695,14.99986457824707,8.80106258392334,5.084419250488281,3.507317304611206,2.9655163288116455,1.578991174697876,1.1051727533340454,0.9460682272911072,11.370380401611328,34359738368,0,10430955520,0
100,1697704705901,0,0,0,0,0,0,0,0,0,0,45.505245208740234,43.5811767578125,43.35926818847656,46.65679931640625,44.542518615722656,43.185237884521484,40.98849105834961,41.270511627197266,43.59480285644531,42.245384216308594,46.29671096801758,45.35226058959961,14.999844551086426,8.801051139831543,5.084412574768066,3.507312297821045,2.965512275695801,1.578989028930664,1.1051712036132813,0.9460669159889221,11.370380401611328,34359738368,0,10433003520,0
101,1697704706002,0,0,0,0,0,0,0,0,0,0,45.505245208740234,43.5811767578125,43.35926818847656,46.65679931640625,44.542518615722656,43.185237884521484,40.98849105834961,41.270511627197266,43.59480285644531,42.245384216308594,46.29667282104492,45.35221481323242,14.999824523925781,8.801039695739746,5.084405899047852,3.507307529449463,2.965508460998535,1.5789868831634521,1.1051698923110962,0.9460656046867371,11.370380401611328,34359738368,0,10433380352,0
104,1697704706105,0,0,0,0,0,0,0,0,0,0,45.505245208740234,43.5811767578125,43.35926818847656,46.65679931640625,44.542518615722656,43.185237884521484,40.98849105834961,41.270511627197266,43.59480285644531,42.245384216308594,46.296634674072266,45.352176666259766,14.999805450439453,8.80102825164795,5.0843987464904785,3.50730299949646,2.9655041694641113,1.5789847373962402,1.105168342590332,0.9460644125938416,11.370380401611328,34359738368,0,10433576960,0
100,1697704706210,0,0,0,0,0,0,0,0,0,0,45.505245208740234,43.5811767578125,43.35926818847656,46.65679931640625,44.542518615722656,43.185237884521484,40.98849105834961,41.270511627197266,43.59480285644531,42.245384216308594,46.296600341796875,45.352142333984375,14.999808311462402,8.801015853881836,5.084392070770264,3.507298707962036,2.9655001163482666,1.5789825916290283,1.1051667928695679,0.9460631608963013,11.370380401611328,34359738368,0,10434117632,0
104,1697704706311,0,0,0,0,0,0,0,0,0,0,45.505245208740234,43.5811767578125,43.35926818847656,46.65679931640625,44.542518615722656,43.185237884521484,40.98849105834961,41.270511627197266,43.59480285644531,42.245384216308594,46.29656219482422,45.35209655761719,14.999787330627441,8.801003456115723,5.084385395050049,3.507293701171875,2.965496301651001,1.5789804458618164,1.1051653623580933,0.9460617899894714,11.370380401611328,34359738368,0,10434658304,0
104,1697704706416,0,0,0,0,0,0,0,0,0,0,45.76573181152344,43.76025390625,43.37358093261719,46.434715270996094,44.568511962890625,43.110652923583984,40.98442077636719,41.21856689453125,43.46198272705078,42.12950134277344,46.29651641845703,45.3520622253418,14.999771118164063,8.801004409790039,5.084377765655518,3.5073020458221436,2.965492010116577,1.578978419303894,1.1051639318466187,0.9460605382919312,11.370380401611328,34359738368,0,10434658304,0
104,1697704706521,0,0,0,0,0,0,0,0,0,0,45.76573181152344,43.76025390625,43.37358093261719,46.434715270996094,44.568511962890625,43.110652923583984,40.98442077636719,41.21856689453125,43.46198272705078,42.12950134277344,46.29646301269531,45.35200881958008,14.999773025512695,8.800992012023926,5.084371089935303,3.5072968006134033,2.9654881954193115,1.5789761543273926,1.105162262916565,0.9460591673851013,11.370380401611328,34359738368,0,10434658304,0
104,1697704706626,0,0,0,0,0,0,0,0,0,0,45.76573181152344,43.76025390625,43.37358093261719,46.434715270996094,44.568511962890625,43.110652923583984,40.98442077636719,41.21856689453125,43.46198272705078,42.12950134277344,46.29641342163086,45.35196304321289,14.99975299835205,8.800979614257813,5.08436393737793,3.5072922706604004,2.9654839038848877,1.5789737701416016,1.1051608324050903,0.9460579752922058,11.370380401611328,34359738368,0,10434658304,0
103,1697704706731,0,0,0,0,0,0,0,0,0,0,45.76573181152344,43.76025390625,43.37358093261719,46.434715270996094,44.568511962890625,43.110652923583984,40.98442077636719,41.21856689453125,43.46198272705078,42.12950134277344,46.29636764526367,45.35193634033203,14.999733924865723,8.800968170166016,5.084357261657715,3.50728702545166,2.965480089187622,1.5789717435836792,1.1051592826843262,0.9460565447807312,11.370380401611328,34359738368,0,10434658304,0
102,1697704706835,0,0,0,0,0,0,0,0,0,0,45.76573181152344,43.76025390625,43.37358093261719,46.434715270996094,44.568511962890625,43.110652923583984,40.98442077636719,41.21856689453125,43.46198272705078,42.12950134277344,46.29633331298828,45.351890563964844,14.999725341796875,8.800968170166016,5.084350109100342,3.5072824954986572,2.9654757976531982,1.5789697170257568,1.1051578521728516,0.9460553526878357,11.38288402557373,34359738368,0,10434658304,0
104,1697704706938,0,0,0,0,0,0,0,0,0,0,45.76573181152344,43.76025390625,43.37358093261719,46.434715270996094,44.568511962890625,43.110652923583984,40.98442077636719,41.21856689453125,43.46198272705078,42.12950134277344,46.29629135131836,45.35185241699219,14.99970531463623,8.800955772399902,5.084343433380127,3.507277727127075,2.9654719829559326,1.5789674520492554,1.1051563024520874,0.9460540413856506,11.38288402557373,34359738368,0,10433527808,0
102,1697704707043,0,0,0,0,0,0,0,0,0,0,45.76573181152344,43.76025390625,43.37358093261719,46.434715270996094,44.568511962890625,43.110652923583984,40.98442077636719,41.21856689453125,43.46198272705078,42.12950134277344,46.29624938964844,45.35179138183594,14.9996976852417,8.800944328308105,5.084336757659912,3.507272958755493,2.965467929840088,1.578965425491333,1.1051547527313232,0.9460527300834656,11.38288402557373,34359738368,0,10435330048,0
99,1697704707146,0,0,0,0,0,0,0,0,0,0,45.76573181152344,43.76025390625,43.37358093261719,46.434715270996094,44.568511962890625,43.110652923583984,40.98442077636719,41.21856689453125,43.46198272705078,42.12950134277344,46.29620361328125,45.35175323486328,14.999678611755371,8.800932884216309,5.084329128265381,3.5072684288024902,2.965463638305664,1.5789631605148315,1.1051533222198486,0.9460514187812805,11.38288402557373,34359738368,0,10435854336,0
102,1697704707246,0,0,0,0,0,0,0,0,0,0,45.76573181152344,43.76025390625,43.37358093261719,46.434715270996094,44.568511962890625,43.110652923583984,40.98442077636719,41.21856689453125,43.46198272705078,42.12950134277344,46.29619598388672,45.35174560546875,14.999672889709473,8.800920486450195,5.084322452545166,3.507263660430908,2.9654598236083984,1.5789611339569092,1.105151891708374,0.946050226688385,11.38288402557373,34359738368,0,10436313088,0
104,1697704707349,0,0,0,0,0,0,0,0,0,0,45.6597785949707,43.76025390625,43.437828063964844,46.430564880371094,44.33879852294922,42.97351837158203,41.07288360595703,41.058345794677734,43.6346549987793,42.117286682128906,46.296146392822266,45.35170364379883,14.999675750732422,8.800909996032715,5.084315776824951,3.507258653640747,2.9654557704925537,1.5789588689804077,1.1051503419876099,0.9460490345954895,11.38288402557373,34359738368,0,10436853760,0
103,1697704707454,0,0,0,0,0,0,0,0,0,0,45.6597785949707,43.823890686035156,43.437828063964844,46.430564880371094,44.33879852294922,42.97351837158203,41.07288360595703,41.058345794677734,43.6346549987793,42.117286682128906,46.29610824584961,45.35165786743164,14.999654769897461,8.800896644592285,5.084309101104736,3.5072543621063232,2.965451955795288,1.5789568424224854,1.1051487922668457,0.9460476040840149,11.38288402557373,34359738368,0,10437394432,0
104,1697704707559,0,0,0,0,0,0,0,0,0,0,45.6597785949707,43.823890686035156,43.437828063964844,46.430564880371094,44.33879852294922,42.97351837158203,41.07288360595703,41.058345794677734,43.6346549987793,42.117286682128906,46.29607391357422,45.35161209106445,14.999635696411133,8.800885200500488,5.084301948547363,3.507249116897583,2.9654476642608643,1.5789545774459839,1.1051472425460815,0.9460464119911194,11.38288402557373,34359738368,0,10437394432,0
